-- phone model data
INSERT INTO `phone_models` (`id`, `model`) VALUES
(1, 'iPhone 6'),
(2, 'iPhone 6 Plus'),
(3, 'iPhone 7'),
(4, 'iPhone 7 Plus'),
(5, 'iPhone 8'),
(6, 'iPhone 8 Plus'),
(7, 'iPhone 11'),
(8, 'iPhone 11 Pro'),
(9, 'iPhone 11 Pro Max'),
(10, 'iPhone 12'),
(11, 'iPhone 12 Mini'),
(12, 'iPhone 12 Pro'),
(13, 'iPhone 12 Pro Max'),
(14, 'iPhone SE 2020'),
(15, 'iPhone X'),
(16, 'iPhone XR'),
(17, 'iPhone XS'),
(18, 'iPhone XS MAX');


-- phone model color
INSERT INTO `phone_model_color` (`model_id`, `color`) VALUES
(1, 'silver'),
(1, 'gold'),
(1, 'gray'),
(2, 'silver'),
(2, 'gold'),
(2, 'gray'),
(3, 'jet black'),
(3, 'black'),
(3, 'gold'),
(3, 'silver'),
(3, 'red'),
(3, 'rose gold'),
(4, 'jet black'),
(4, 'black'),
(4, 'gold'),
(4, 'silver'),
(4, 'red'),
(4, 'rose gold'),
(5, 'space gray'),
(5, 'gold'),
(5, 'red'),
(5, 'silver'),
(6, 'space gray'),
(6, 'gold'),
(6, 'red'),
(6, 'silver'),
(7, 'space gray'),
(7, 'green'),
(7, 'yellow'),
(7, 'purple'),
(7, 'red'),
(7, 'silver'),
(8, 'space gray'),
(8, 'green'),
(8, 'rose gold'),
(8, 'silver'),
(9, 'space gray'),
(9, 'green'),
(9, 'rose gold'),
(9, 'silver'),
(10, 'white'),
(10, 'black'),
(10, 'red'),
(10, 'green'),
(10, 'blue'),
(11, 'white'),
(11, 'black'),
(11, 'red'),
(11, 'green'),
(11, 'blue'),
(12, 'black'),
(12, 'silver'),
(12, 'gold'),
(12, 'blue'),
(13, 'black'),
(13, 'silver'),
(13, 'gold'),
(13, 'blue'),
(14, 'space gray'),
(14, 'red'),
(14, 'silver'),
(15, 'space gray'),
(15, 'silver'),
(16, 'white'),
(16, 'black'),
(16, 'blue'),
(16, 'yellow'),
(16, 'coral-red'),
(16, 'red'),
(17, 'space gray'),
(17, 'silver'),
(17, 'gold'),
(18, 'space gray'),
(18, 'silver'),
(18, 'gold');


-- phone shell data
INSERT INTO `phone_shells` (`id`, `shell_color_chn`, `shell_color_en`) VALUES
(1, '黑色', 'black'),
(2, '白色', 'white'),
(3, '銀色', 'silver'),
(4, '紅色', 'red'),
(5, '黃色', 'yellow'),
(6, '藍色', 'blue'),
(7, '綠色', 'green');


-- phone series data
INSERT INTO `phone_series` (`id`, `is_classic`, `series_name_chn`, `series_name_eng`, `price`) VALUES
(1, 1, '純透明', 'transparent', 800),
(2, 1, '動物', 'animals', 1000),
(3, 1, '幾何線條', 'polygon', 900),
(4, 1, '食物', 'food', 950),
(5, 1, '迷彩', 'camo', 860),
(6, 1, '仿真大理石', 'marble', 1000),
(7, 1, '語錄', 'words', 850),
(8, 1, '國旗', 'flags', 850),
(9, 1, '太空', 'space', 1040),
(10, 1, '東方風', 'eastern', 920),
(11, 0, '友菘', 'UsongRat', 1060),
(12, 0, '地瓜球', 'Sweet Potato Ball', 1020),
(13, 0, '迪士尼皮克斯', 'Pixar', 1110),
(14, 0, '不二馬大叔', 'Bu2ma', 1080),
(15, 0, '別家門市', 'Other Store', 1050);


-- phone model series data
INSERT INTO `phone_model_series` (`model_id`, `series_id`) VALUES
(1, 1),
(2, 1),
(3, 1),
(4, 1),
(5, 1),
(6, 1),
(7, 1),
(8, 1),
(9, 1),
(10, 1),
(11, 1),
(12, 1),
(13, 1),
(14, 1),
(15, 1),
(16, 1),
(17, 1),
(18, 1),
(7, 2),
(8, 2),
(9, 2),
(10, 2),
(11, 2),
(12, 2),
(13, 2),
(14, 2),
(15, 2),
(16, 2),
(17, 2),
(18, 2),
(7, 3),
(8, 3),
(9, 3),
(10, 3),
(11, 3),
(12, 3),
(13, 3),
(14, 3),
(5, 4),
(6, 4),
(7, 4),
(8, 4),
(9, 4),
(10, 4),
(11, 4),
(12, 4),
(13, 4),
(14, 4),
(15, 4),
(16, 4),
(17, 4),
(18, 4),
(3, 5),
(4, 5),
(5, 5),
(6, 5),
(7, 5),
(8, 5),
(9, 5),
(10, 5),
(11, 5),
(12, 5),
(13, 5),
(14, 5),
(15, 5),
(16, 5),
(17, 5),
(18, 5),
(5, 6),
(6, 6),
(7, 6),
(8, 6),
(9, 6),
(10, 6),
(11, 6),
(12, 6),
(13, 6),
(14, 6),
(15, 6),
(16, 6),
(17, 6),
(18, 6),
(1, 7),
(2, 7),
(3, 7),
(4, 7),
(5, 7),
(6, 7),
(7, 7),
(8, 7),
(9, 7),
(10, 7),
(11, 7),
(12, 7),
(13, 7),
(14, 7),
(15, 7),
(16, 7),
(17, 7),
(18, 7),
(1, 8),
(2, 8),
(3, 8),
(4, 8),
(5, 8),
(6, 8),
(7, 8),
(8, 8),
(9, 8),
(10, 8),
(11, 8),
(12, 8),
(13, 8),
(14, 8),
(15, 8),
(16, 8),
(17, 8),
(18, 8),
(7, 9),
(8, 9),
(9, 9),
(10, 9),
(11, 9),
(12, 9),
(13, 9),
(14, 9),
(3, 10),
(4, 10),
(5, 10),
(6, 10),
(7, 10),
(8, 10),
(9, 10),
(10, 10),
(11, 10),
(12, 10),
(13, 10),
(14, 10),
(15, 10),
(16, 10),
(17, 10),
(18, 10),
(1, 11),
(2, 11),
(3, 11),
(4, 11),
(5, 11),
(6, 11),
(7, 11),
(8, 11),
(9, 11),
(10, 11),
(11, 11),
(12, 11),
(13, 11),
(14, 11),
(15, 11),
(16, 11),
(17, 11),
(18, 11),
(5, 12),
(6, 12),
(7, 12),
(8, 12),
(9, 12),
(10, 12),
(11, 12),
(12, 12),
(13, 12),
(14, 12),
(15, 12),
(16, 12),
(17, 12),
(18, 12),
(1, 13),
(2, 13),
(3, 13),
(4, 13),
(5, 13),
(6, 13),
(7, 13),
(8, 13),
(9, 13),
(10, 13),
(11, 13),
(12, 13),
(13, 13),
(14, 13),
(15, 13),
(16, 13),
(17, 13),
(18, 13),
(1, 14),
(2, 14),
(3, 14),
(4, 14),
(5, 14),
(6, 14),
(7, 14),
(8, 14),
(9, 14),
(10, 14),
(11, 14),
(12, 14),
(13, 14),
(14, 14),
(15, 14),
(16, 14),
(17, 14),
(18, 14),
(10, 15),
(11, 15),
(12, 15),
(13, 15);


-- phone designs
INSERT INTO `phone_designs` (`id`, `series_id`, `design_name_chn`, `design_name_eng`, `stock_status`, `edit_date`) VALUES
(1, 1, '純透明', 'transparent', 1, '2018-05-19 01:11:23'),
(2, 2, '黃金獵犬', 'golden retriever', 1, '2019-05-21 13:19:48'),
(3, 2, '哈士奇', 'husky', 1, '2019-05-20 09:26:28'),
(4, 2, '馬爾濟斯', 'maltese', 1, '2019-05-20 00:01:13'),
(5, 2, '邊境牧羊犬', 'border collie', 1, '2019-05-20 14:14:39'),
(6, 2, '柴犬', 'shiba', 1, '2019-05-21 05:14:55'),
(7, 2, '法鬥', 'french bulldog', 1, '2019-05-20 08:05:42'),
(8, 2, '灰斑貓', 'gray striped cat', 1, '2019-05-21 12:05:55'),
(9, 2, '三花貓', 'calico cat', 1, '2019-05-20 14:46:31'),
(10, 2, '橘貓', 'orange cat', 1, '2019-05-21 10:47:38'),
(11, 2, '水豚入浴', 'capybara spa', 1, '2019-05-20 06:45:53'),
(12, 2, '水豚上陸', 'capybara land', 1, '2019-05-21 12:25:57'),
(13, 2, '小象王子', 'elephant prince', 1, '2019-05-20 07:41:42'),
(14, 2, '紙袋兔子和倉鼠', 'bunny and hamster', 1, '2019-05-20 06:58:19'),
(15, 3, '天狼星', 'sirus', 0, '2020-09-16 04:57:07'),
(16, 3, '幾何鹿頭', 'polygon deer head', 0, '2020-09-16 04:26:46'),
(17, 3, '幾何狼', 'polygon wolf', 0, '2020-09-16 04:04:29'),
(18, 3, '幾何鹿', 'polygon deer', 0, '2020-09-16 04:39:04'),
(19, 4, '培根蛋', 'bacon and eggs', 1, '2019-08-30 04:18:36'),
(20, 4, '炸雞腿', 'fried chicken leg', 1, '2020-02-26 04:10:12'),
(21, 4, '天婦羅蕎麥麵', 'tempura and noodles', 1, '2020-03-08 04:56:45'),
(22, 4, '煎餃', 'dumplings', 1, '2019-04-27 04:16:35'),
(23, 4, '拉麵', 'ramen noodles', 1, '2020-04-13 04:43:50'),
(24, 4, '日式便當', 'bento', 1, '2020-07-21 04:40:23'),
(25, 4, '壽司', 'sushi', 1, '2019-12-15 04:03:02'),
(26, 4, '燒肉便當', 'roasted pork bento', 1, '2020-12-07 04:09:26'),
(27, 4, '烤蝦', 'grilled shrimp', 1, '2019-04-09 04:09:40'),
(28, 4, '吐司', 'toast', 1, '2019-04-26 04:43:44'),
(29, 5, '黑迷彩', 'black camo', 1, '2019-12-05 04:57:30'),
(30, 5, '綠迷彩', 'green camo', 1, '2019-09-22 04:54:05'),
(31, 5, '灰迷彩', 'gray camo', 1, '2020-12-14 04:53:58'),
(32, 5, '繽紛迷彩', 'colorful camo', 1, '2020-02-20 04:10:19'),
(33, 5, '藍迷彩', 'blue camo', 1, '2019-08-25 04:05:08'),
(34, 5, '雲迷彩', 'cloud camo', 1, '2019-09-30 04:58:23'),
(35, 6, '白大理石', 'white marble', 1, '2020-01-16 04:54:27'),
(36, 6, '綠大理石', 'green marble', 1, '2020-07-29 04:00:53'),
(37, 6, '粉紅大理石', 'pink marble', 1, '2020-01-12 04:25:50'),
(38, 6, '玫瑰金大理石', 'rose gold marble', 1, '2019-09-14 04:35:25'),
(39, 6, '黑大理石', 'black marble', 1, '2019-12-07 04:12:51'),
(40, 6, '翡翠大理石', 'jade marble', 1, '2019-10-05 04:53:22'),
(41, 6, '藍大理石', 'blue marble', 1, '2020-07-07 04:06:36'),
(42, 7, '不想上班', 'dont wanna work', 1, '2019-08-30 04:41:52'),
(43, 7, '記憶體不足', 'insufficient RAM', 1, '2019-06-18 04:55:25'),
(44, 7, '發大財', 'get rich', 1, '2019-06-05 04:35:52'),
(45, 7, '是在哈囉', 'excuse me', 1, '2020-05-24 04:19:35'),
(46, 7, '離線', 'you are offline', 1, '2019-05-10 04:14:27'),
(47, 7, '邊緣人', 'misfit', 1, '2019-04-25 04:06:44'),
(48, 7, '我貓在等我下班', 'my cat is waiting', 1, '2019-06-02 04:09:27'),
(49, 7, '吃貨', 'foodie', 1, '2020-01-03 04:41:16'),
(50, 8, '台灣', 'Taiwan', 0, '2019-03-22 04:12:45'),
(51, 8, '英國', 'England', 0, '2019-08-30 04:38:24'),
(52, 8, '美國', 'USA', 0, '2019-10-21 04:32:51'),
(53, 8, '加拿大', 'Canada', 0, '2019-03-19 04:49:45'),
(54, 8, '義大利', 'Italy', 0, '2019-11-01 04:00:40'),
(55, 8, '法國', 'France', 0, '2020-07-21 04:13:07'),
(56, 8, '比利時', 'Belgium', 0, '2020-11-08 04:39:12'),
(57, 8, '日本', 'Japan', 0, '2019-05-24 04:31:08'),
(58, 8, '韓國', 'Korea', 0, '2019-11-12 04:41:45'),
(59, 9, '火箭', 'rocket', 1, '2020-09-28 04:49:48'),
(60, 9, 'NASA標誌', 'NASA logo', 1, '2019-09-13 04:07:51'),
(61, 9, '往月球', 'to the moon', 1, '2020-10-09 04:07:51'),
(62, 9, 'NASA文字', 'NASA words', 1, '2020-03-15 04:40:29'),
(63, 10, '虎虎生風', 'Eastern tiger', 1, '2020-03-06 04:20:47'),
(64, 10, '如魚得水', 'like fish in water', 1, '2020-06-24 04:25:53'),
(65, 10, '龍', 'dragon', 1, '2020-05-13 04:21:10'),
(66, 10, '不倒翁', 'tumbler', 1, '2020-06-04 04:25:15'),
(67, 10, '海浪', 'waves', 1, '2019-04-03 04:53:35'),
(68, 10, '哥斯拉', 'godzilla', 1, '2019-12-08 04:47:04'),
(69, 11, 'bowz2', 'bowz2', 1, '2020-12-08 04:06:49'),
(70, 11, 'bowz3', 'bowz3', 1, '2020-03-23 04:15:58'),
(71, 11, '小壯丁', 'muscle man', 1, '2019-11-25 04:43:40'),
(72, 11, '梁以辰', 'Yi Chan Liang', 1, '2020-06-21 04:00:27'),
(73, 11, '婁俊碩', 'Shou', 1, '2020-02-18 04:16:13'),
(74, 11, '耳機', 'earbuds', 1, '2020-04-25 04:48:28'),
(75, 11, '館長', 'Holger Chen', 1, '2019-04-07 04:00:40'),
(76, 11, '黃氏兄弟', 'brothers Huang', 1, '2020-09-15 04:33:12'),
(77, 12, '阿瓜靠近太', 'frog too close', 0, '2020-12-09 02:27:16'),
(78, 12, '阿球靠近太', 'ball too close', 0, '2020-12-09 02:25:50'),
(79, 12, '疊疊樂', 'jenga', 0, '2020-12-09 02:42:45'),
(80, 12, '帶珍珠耳環的貓', 'the cat with pearl earings', 0, '2020-12-09 02:24:26'),
(81, 12, '貓睡午覺', 'cat nap', 0, '2020-12-09 02:37:47'),
(82, 12, '吃飽太閒', 'idle idle', 0, '2020-12-09 02:24:22'),
(83, 13, '怪獸電力公司團隊', 'Monsters Inc team', 1, '2019-09-16 04:24:04'),
(84, 13, '怪獸電力公司開門', 'Monsters Inc door', 1, '2020-07-14 04:07:27'),
(85, 13, '毛怪', 'Sulley', 1, '2019-08-14 04:59:13'),
(86, 13, '麥克', 'Mike', 1, '2019-08-16 04:19:25'),
(87, 13, '毛怪、布及麥克', 'Sulley Boo Mike', 1, '2019-12-11 04:06:17'),
(88, 13, '怪獸大學', 'Monsters University', 1, '2020-09-25 04:22:28'),
(89, 13, '怪獸電力公司標誌', 'Monsters Inc logo', 1, '2019-04-29 04:04:23'),
(90, 14, '非常生氣', 'very angry', 1, '2019-08-11 04:10:46'),
(91, 14, '胖且生氣', 'fat and angry', 1, '2020-02-09 04:36:08'),
(92, 14, '猛虎上山', 'tiger up mountain', 1, '2019-05-05 04:57:05'),
(93, 14, '猛虎下山', 'tiger down mountain', 1, '2019-12-10 04:06:18'),
(94, 14, '猛虎早安', 'good morning tiger', 1, '2020-09-29 04:56:31'),
(95, 15, '全人物', 'all crew', 1, '2020-01-04 04:25:49'),
(96, 15, '王姍姍', 'Wang Shanshan', 1, '2019-08-14 04:52:54'),
(97, 15, '李宇航', 'Li Yuhang', 1, '2020-08-11 04:39:19'),
(98, 15, '林凡', 'Lin Fan', 1, '2019-03-23 04:35:39'),
(99, 15, '陳奕契', 'Chen Yiqi', 1, '2019-09-25 04:37:03');